{"cameraMode":{"drawMode":0,"name":"Shaded","section":"Shading Mode"},"sceneLighting":true,"audioPlay":false,"sceneViewState":{"showFog":true,"showMaterialUpdate":false,"showSkybox":true,"showFlares":true,"showImageEffects":true,"showParticleSystems":true},"in2DMode":false,"pivot":{"x":-1.481665015220642,"y":2.61666202545166,"z":0.8663578033447266},"rotation":{"x":-0.214640811085701,"y":0.11310438066720963,"z":-0.02502983994781971,"w":-0.9698150753974915},"size":7.741034984588623,"orthographic":false}