{"cameraMode":{"drawMode":0,"name":"Shaded","section":"Shading Mode"},"sceneLighting":true,"audioPlay":false,"sceneViewState":{"showFog":false,"showMaterialUpdate":false,"showSkybox":false,"showFlares":false,"showImageEffects":false,"showParticleSystems":false},"in2DMode":false,"pivot":{"x":1.6801660060882569,"y":1.4657841920852662,"z":-0.9323103427886963},"rotation":{"x":-0.09711536765098572,"y":-0.8902539014816284,"z":0.22524476051330567,"w":-0.3838462233543396},"size":6.153560161590576,"orthographic":false}