{"cameraMode":{"drawMode":0,"name":"Shaded","section":"Shading Mode"},"sceneLighting":true,"audioPlay":false,"sceneViewState":{"showFog":false,"showMaterialUpdate":false,"showSkybox":false,"showFlares":false,"showImageEffects":false,"showParticleSystems":false},"in2DMode":false,"pivot":{"x":-7.692282676696777,"y":1.9668854475021363,"z":-1.732262372970581},"rotation":{"x":0.11079235374927521,"y":-0.7939601540565491,"z":0.15211759507656098,"w":0.5781777501106262},"size":6.278030872344971,"orthographic":false}