{"cameraMode":{"drawMode":0,"name":"Shaded","section":"Shading Mode"},"sceneLighting":true,"audioPlay":false,"sceneViewState":{"showFog":false,"showMaterialUpdate":false,"showSkybox":false,"showFlares":false,"showImageEffects":false,"showParticleSystems":false},"in2DMode":false,"pivot":{"x":4.315393447875977,"y":-1.7992253303527833,"z":-4.24106502532959},"rotation":{"x":-0.05738696828484535,"y":-0.9310345649719238,"z":0.31922677159309389,"w":-0.16739842295646668},"size":10.05295181274414,"orthographic":false}