{"cameraMode":{"drawMode":0,"name":"Shaded","section":"Shading Mode"},"sceneLighting":true,"audioPlay":false,"sceneViewState":{"showFog":false,"showMaterialUpdate":false,"showSkybox":false,"showFlares":false,"showImageEffects":false,"showParticleSystems":false},"in2DMode":false,"pivot":{"x":-4.0138115882873539,"y":0.946784496307373,"z":5.479966640472412},"rotation":{"x":-0.23377826809883119,"y":0.28984200954437258,"z":-0.07323753833770752,"w":-0.9251918196678162},"size":14.272453308105469,"orthographic":false}