{"cameraMode":{"drawMode":0,"name":"Shaded","section":"Shading Mode"},"sceneLighting":true,"audioPlay":false,"sceneViewState":{"showFog":false,"showMaterialUpdate":false,"showSkybox":false,"showFlares":false,"showImageEffects":false,"showParticleSystems":false},"in2DMode":false,"pivot":{"x":5.6058855056762699,"y":0.09103250503540039,"z":-5.967016220092773},"rotation":{"x":-0.08588315546512604,"y":-0.8871727585792542,"z":0.18382470309734345,"w":-0.41450411081314089},"size":5.860262870788574,"orthographic":false}