{"cameraMode":{"drawMode":0,"name":"Shaded","section":"Shading Mode"},"sceneLighting":true,"audioPlay":false,"sceneViewState":{"showFog":false,"showMaterialUpdate":false,"showSkybox":false,"showFlares":false,"showImageEffects":false,"showParticleSystems":false},"in2DMode":false,"pivot":{"x":4.991771697998047,"y":0.6895771026611328,"z":-4.351332664489746},"rotation":{"x":-0.039104510098695758,"y":-0.9390575289726257,"z":0.3219774067401886,"w":-0.11408780515193939},"size":9.278422355651856,"orthographic":false}